year_month,province_desc,si_qty,so_qty,net_delta,coverage_ratio
2026-01,ACEH,2990.62,2710.08,280.53999999999996,0.9061933645866075
2026-01,BALI,2307.29,2059.88,247.40999999999985,0.8927703062900633
2026-01,BANTEN,2410.83,2182.31,228.51999999999998,0.905211068387236
2026-01,BENGKULU,3374.95,3026.59,348.3599999999997,0.8967806930473045
2026-01,DI YOGYAKARTA,2002.4,1805.54,196.86000000000013,0.9016879744306832
2026-01,DKI JAKARTA,2893.96,2605.44,288.52,0.900302699415334
2026-01,GORONTALO,2184.87,1940.24,244.62999999999988,0.888034528370109
2026-01,JAMBI,6553.56,5880.8,672.7600000000002,0.8973443441427255
2026-01,JAWA BARAT,3016.9,2733.2000000000003,283.6999999999998,0.9059630746793066
2026-01,JAWA TENGAH,7312.3,6613.3099999999995,698.9900000000007,0.9044090094771822
2026-01,JAWA TIMUR,2747.2,2462.04,285.15999999999985,0.8961997670355272
2026-01,KALIMANTAN BARAT,2513.06,2292.94,220.1199999999999,0.9124095723938147
2026-01,KALIMANTAN SELATAN,2553.56,2315.55,238.00999999999976,0.9067928695624933
2026-01,KALIMANTAN TENGAH,2038.3700000000001,1842.1200000000001,196.25,0.9037220916712864
2026-01,KALIMANTAN TIMUR,2995.61,2735.38,260.23,0.913129546235992
2026-01,KALIMANTAN UTARA,1844.37,1641.56,202.80999999999995,0.8900383328724714
2026-01,KEPULAUAN BANGKA BELITUNG,3122.81,2786.4700000000003,336.3399999999997,0.8922957208411656
2026-01,KEPULAUAN RIAU,3552.42,3119.78,432.6399999999999,0.8782125987355099
2026-01,LAMPUNG,2156.2200000000003,1954.9,201.32000000000016,0.9066329038780829
2026-01,MALUKU,3743.44,3348.19,395.25,0.8944152971598316
2026-01,MALUKU UTARA,2190.6,1962.06,228.53999999999996,0.8956724185154752
2026-01,NUSA TENGGARA BARAT,2497.09,2212.64,284.4500000000003,0.8860874057402816
2026-01,NUSA TENGGARA TIMUR,2037.36,1849.3799999999999,187.98000000000002,0.9077335375191424
2026-01,PAPUA,1973.91,1751.1299999999999,222.7800000000002,0.8871377114458106
2026-01,PAPUA BARAT,3245.98,2915.61,330.3699999999999,0.898221800504008
2026-01,RIAU,3366.71,3041.59,325.1199999999999,0.9034309459383196
2026-01,SULAWESI BARAT,2533.25,2276.16,257.09000000000015,0.8985137669002269
2026-01,SULAWESI SELATAN,3152.99,2864.35,288.6399999999999,0.9084551489221343
2026-01,SULAWESI TENGAH,3842.09,3472.47,369.62000000000035,0.903797152070878
2026-01,SULAWESI TENGGARA,3159.8199999999997,2845.53,314.2899999999995,0.9005354735396321
2026-01,SULAWESI UTARA,2968.6,2642.98,325.6199999999999,0.8903119315502257
2026-01,SUMATERA BARAT,2879.08,2610.88,268.1999999999998,0.906845242230157
2026-01,SUMATERA SELATAN,3259.93,2896.57,363.3599999999997,0.8885374839337042
2026-01,SUMATERA UTARA,2731.75,2466.82,264.92999999999984,0.9030182117690126
2026-02,ACEH,2183.4700000000003,1940.02,243.45000000000027,0.8885031623974682
2026-02,BALI,2281.41,2087.67,193.73999999999978,0.9150788328270676
2026-02,BANTEN,1611.97,1447.57,164.4000000000001,0.8980129903161969
2026-02,BENGKULU,2491.99,2215.68,276.30999999999995,0.8891207428601239
2026-02,DI YOGYAKARTA,2599.26,2351.6,247.6600000000003,0.9047190354177727
2026-02,DKI JAKARTA,2588.97,2342.58,246.38999999999987,0.9048308786892085
2026-02,GORONTALO,3079.46,2731.7799999999997,347.6800000000003,0.8870970884505724
2026-02,JAMBI,4913.92,4394.15,519.7700000000004,0.8942249772076061
2026-02,JAWA BARAT,2790.52,2528.61,261.90999999999985,0.9061429411005835
2026-02,JAWA TENGAH,4788.14,4266.93,521.21,0.8911456223084538
2026-02,JAWA TIMUR,2912.7,2630.1,282.5999999999999,0.90297661963127
2026-02,KALIMANTAN BARAT,2247.61,2016.2,231.41000000000008,0.8970417465663527
2026-02,KALIMANTAN SELATAN,2778.59,2480.34,298.25,0.8926613858107889
2026-02,KALIMANTAN TENGAH,2874.65,2585.95,288.7000000000003,0.8995703824813455
2026-02,KALIMANTAN TIMUR,2901.41,2604.73,296.67999999999984,0.8977462681937404
2026-02,KALIMANTAN UTARA,2484.3,2213.58,270.72000000000025,0.8910276536650162
2026-02,KEPULAUAN BANGKA BELITUNG,3472.34,3126.11,346.23,0.9002891421922968
2026-02,KEPULAUAN RIAU,2682.05,2408.22,273.8300000000004,0.8979027236628697
2026-02,LAMPUNG,2552.4,2319.0,233.4000000000001,0.9085566525622942
2026-02,MALUKU,3441.88,3119.01,322.8699999999999,0.906193708089765
2026-02,MALUKU UTARA,2829.66,2555.7799999999997,273.8800000000001,0.9032109864789409
2026-02,NUSA TENGGARA BARAT,2914.2799999999997,2626.23,288.0499999999997,0.9011591199198431
2026-02,NUSA TENGGARA TIMUR,4092.82,3666.98,425.84000000000015,0.8959543786435757
2026-02,PAPUA,2773.29,2499.78,273.50999999999976,0.9013770647858681
2026-02,PAPUA BARAT,3386.79,3033.99,352.8000000000002,0.895830565225479
2026-02,RIAU,2412.25,2194.83,217.42000000000007,0.90986838014302
2026-02,SULAWESI BARAT,2436.95,2186.6,250.3499999999999,0.8972691273928477
2026-02,SULAWESI SELATAN,2570.29,2304.3,265.9899999999998,0.8965136229763957
2026-02,SULAWESI TENGAH,2530.01,2301.55,228.46000000000004,0.9096999616602306
2026-02,SULAWESI TENGGARA,3204.0299999999997,2867.85,336.17999999999984,0.8950758888025393
2026-02,SULAWESI UTARA,2035.74,1860.68,175.05999999999995,0.9140067002662423
2026-02,SUMATERA BARAT,2191.64,1990.53,201.1099999999999,0.90823766677009
2026-02,SUMATERA SELATAN,3535.88,3209.39,326.49000000000024,0.9076637216195119
2026-02,SUMATERA UTARA,2544.4,2286.94,257.46000000000004,0.898813079704449
2026-03,ACEH,3685.07,3309.23,375.84000000000015,0.8980100785059714
2026-03,BALI,2860.56,2535.37,325.19000000000005,0.8863194619235394
2026-03,BANTEN,3441.75,3116.18,325.57000000000016,0.9054056802498729
2026-03,BENGKULU,3127.34,2806.54,320.8000000000002,0.8974208112965011
2026-03,DI YOGYAKARTA,2678.04,2391.84,286.1999999999998,0.8931307971501546
2026-03,DKI JAKARTA,2535.3,2278.12,257.1800000000003,0.8985603281662918
2026-03,GORONTALO,2029.8,1845.78,184.01999999999998,0.909340821755838
2026-03,JAMBI,7496.33,6713.35,782.9799999999996,0.8955515565616776
2026-03,JAWA BARAT,2798.25,2568.96,229.28999999999996,0.9180595014741356
2026-03,JAWA TENGAH,6373.31,5716.73,656.5800000000008,0.8969797483568192
2026-03,JAWA TIMUR,1711.7,1556.71,154.99,0.9094525909914121
2026-03,KALIMANTAN BARAT,3295.65,2925.44,370.21000000000004,0.8876670762975437
2026-03,KALIMANTAN SELATAN,2016.62,1805.2,211.41999999999985,0.8951612103420575
2026-03,KALIMANTAN TENGAH,3709.03,3314.87,394.1600000000003,0.8937296274228032
2026-03,KALIMANTAN TIMUR,2664.5,2391.46,273.03999999999996,0.8975267404766373
2026-03,KALIMANTAN UTARA,2439.45,2199.02,240.42999999999984,0.9014408985632008
2026-03,KEPULAUAN BANGKA BELITUNG,3645.9700000000003,3232.5099999999998,413.4600000000005,0.8865980795234188
2026-03,KEPULAUAN RIAU,3068.81,2749.43,319.3800000000001,0.8959270857433337
2026-03,LAMPUNG,2955.25,2667.89,287.3600000000001,0.9027628796210134
2026-03,MALUKU,2425.19,2196.52,228.67000000000007,0.9057104804159674
2026-03,MALUKU UTARA,1659.93,1497.14,162.78999999999996,0.9019295994409403
2026-03,NUSA TENGGARA BARAT,2794.51,2500.68,293.8300000000004,0.8948545541078756
2026-03,NUSA TENGGARA TIMUR,2799.81,2537.29,262.52,0.9062364946192777
2026-03,PAPUA,3092.29,2787.33,304.96000000000004,0.901380530286616
2026-03,PAPUA BARAT,3028.59,2723.58,305.0100000000002,0.8992897685061364
2026-03,RIAU,3013.79,2682.64,331.1500000000001,0.8901217403999615
2026-03,SULAWESI BARAT,1919.28,1729.84,189.44000000000005,0.9012963194531283
2026-03,SULAWESI SELATAN,3364.96,3013.11,351.8499999999999,0.8954370928629167
2026-03,SULAWESI TENGAH,2882.5,2635.14,247.36000000000013,0.9141856027753685
2026-03,SULAWESI TENGGARA,3687.08,3274.73,412.3499999999999,0.8881635332024258
2026-03,SULAWESI UTARA,3912.87,3543.32,369.5499999999997,0.905555257394189
2026-03,SUMATERA BARAT,4044.62,3653.58,391.03999999999996,0.9033184823296132
2026-03,SUMATERA SELATAN,2192.4,1944.02,248.3800000000001,0.8867086298120781
2026-03,SUMATERA UTARA,3177.41,2886.93,290.48,0.9085796293207361
2026-04,ACEH,2576.7,2317.08,259.6199999999999,0.8992432180696239
2026-04,BALI,2674.29,2408.56,265.73,0.9006353088109367
2026-04,BANTEN,2865.81,2534.16,331.6500000000001,0.8842735561673662
2026-04,BENGKULU,3118.68,2818.48,300.1999999999998,0.90374132645863
2026-04,DI YOGYAKARTA,3019.72,2733.71,286.00999999999976,0.9052859205489251
2026-04,DKI JAKARTA,3079.81,2825.45,254.36000000000013,0.9174104896081251
2026-04,GORONTALO,2809.91,2485.65,324.25999999999976,0.8846012861621904
2026-04,JAMBI,4818.46,4356.75,461.71000000000004,0.9041789285373335
2026-04,JAWA BARAT,3361.6,3018.08,343.52,0.8978105663969538
2026-04,JAWA TENGAH,4754.81,4309.53,445.28000000000065,0.9063516733581362
2026-04,JAWA TIMUR,2199.48,1986.98,212.5,0.9033862549329842
2026-04,KALIMANTAN BARAT,3512.78,3144.9900000000002,367.78999999999996,0.8952994494389059
2026-04,KALIMANTAN SELATAN,2805.53,2526.76,278.77,0.9006355305414663
2026-04,KALIMANTAN TENGAH,2737.2599999999998,2460.69,276.5699999999997,0.898961004800421
2026-04,KALIMANTAN TIMUR,2268.96,2047.04,221.92000000000007,0.9021930752415203
2026-04,KALIMANTAN UTARA,3402.65,3064.04,338.6100000000001,0.9004863856112147
2026-04,KEPULAUAN BANGKA BELITUNG,3060.67,2764.6,296.07000000000016,0.9032662782985424
2026-04,KEPULAUAN RIAU,2741.67,2472.72,268.9500000000003,0.9019028548293557
2026-04,LAMPUNG,2662.9,2445.53,217.3699999999999,0.9183709489654137
2026-04,MALUKU,2322.27,2052.52,269.75,0.8838421027701344
2026-04,MALUKU UTARA,2729.99,2432.83,297.15999999999985,0.8911497844314449
2026-04,NUSA TENGGARA BARAT,2533.26,2272.54,260.72000000000025,0.8970812312988007
2026-04,NUSA TENGGARA TIMUR,2288.25,2041.92,246.32999999999993,0.8923500491642085
2026-04,PAPUA,2723.82,2465.73,258.09000000000015,0.9052470427561292
2026-04,PAPUA BARAT,2941.8,2622.08,319.72000000000025,0.8913182405330069
2026-04,RIAU,3079.79,2766.44,313.3499999999999,0.8982560499254819
2026-04,SULAWESI BARAT,3229.51,2880.92,348.59000000000015,0.8920610247374988
2026-04,SULAWESI SELATAN,2974.15,2676.63,297.52,0.8999646957954374
2026-04,SULAWESI TENGAH,2609.32,2309.91,299.4100000000003,0.8852536292980545
2026-04,SULAWESI TENGGARA,2808.43,2530.07,278.3599999999997,0.9008841238699203
2026-04,SULAWESI UTARA,2002.34,1816.93,185.40999999999985,0.9074033380944296
2026-04,SUMATERA BARAT,3134.7,2769.38,365.3199999999997,0.8834593422018057
2026-04,SUMATERA SELATAN,3068.0299999999997,2733.39,334.6399999999999,0.8909267510421998
2026-04,SUMATERA UTARA,3779.58,3418.34,361.2399999999998,0.904423242794173
2026-05,ACEH,2895.0,2623.72,271.2800000000002,0.9062936096718479
2026-05,BALI,3186.19,2886.36,299.8299999999999,0.9058970117915127
2026-05,BANTEN,2558.24,2319.63,238.60999999999967,0.9067288448308213
2026-05,BENGKULU,3701.94,3326.05,375.8899999999999,0.8984613472935813
2026-05,DI YOGYAKARTA,2543.62,2312.27,231.3499999999999,0.9090469488366973
2026-05,DKI JAKARTA,2940.69,2619.02,321.6700000000001,0.8906141075733927
2026-05,GORONTALO,2537.82,2278.12,259.7000000000003,0.897668077326209
2026-05,JAMBI,5959.5,5347.12,612.3800000000001,0.897243057303465
2026-05,JAWA BARAT,2862.84,2545.1,317.74000000000024,0.8890123094549468
2026-05,JAWA TENGAH,5142.71,4610.53,532.1800000000003,0.8965175948089625
2026-05,JAWA TIMUR,3009.14,2725.51,283.62999999999965,0.9057438337863976
2026-05,KALIMANTAN BARAT,2631.54,2340.45,291.09000000000015,0.8893841628856106
2026-05,KALIMANTAN SELATAN,3356.7,3015.83,340.8699999999999,0.8984508594750797
2026-05,KALIMANTAN TENGAH,2169.84,1934.22,235.62000000000012,0.8914113483021789
2026-05,KALIMANTAN TIMUR,3537.84,3197.66,340.1800000000003,0.9038452841281686
2026-05,KALIMANTAN UTARA,2586.94,2345.66,241.2800000000002,0.9067315051759993
2026-05,KEPULAUAN BANGKA BELITUNG,3099.95,2776.52,323.42999999999984,0.895666059129986
2026-05,KEPULAUAN RIAU,3219.42,2928.2599999999998,291.1600000000003,0.9095613495598586
2026-05,LAMPUNG,3193.83,2873.14,320.69000000000005,0.8995907734600777
2026-05,MALUKU,2562.88,2311.58,251.30000000000018,0.9019462479710325
2026-05,MALUKU UTARA,2537.3,2297.7799999999997,239.52000000000044,0.9056004414141015
2026-05,NUSA TENGGARA BARAT,3479.44,3144.21,335.23,0.9036540362817005
2026-05,NUSA TENGGARA TIMUR,3358.54,3060.5099999999998,298.0300000000002,0.9112620364801371
2026-05,PAPUA,2986.78,2686.15,300.6300000000001,0.899346453371189
2026-05,PAPUA BARAT,3418.29,3115.4700000000003,302.8199999999997,0.9114118462740143
2026-05,RIAU,4797.67,4338.16,459.5100000000002,0.904222257887683
2026-05,SULAWESI BARAT,2317.98,2113.59,204.38999999999987,0.9118240882147387
2026-05,SULAWESI SELATAN,3198.2,2867.5,330.6999999999998,0.8965980864236134
2026-05,SULAWESI TENGAH,3711.81,3334.26,377.5499999999997,0.8982841255344428
2026-05,SULAWESI TENGGARA,1544.88,1385.36,159.5200000000002,0.8967427890839417
2026-05,SULAWESI UTARA,2213.17,1966.57,246.60000000000014,0.8885761148036526
2026-05,SUMATERA BARAT,2557.63,2285.32,272.30999999999995,0.8935303386338134
2026-05,SUMATERA SELATAN,3006.64,2762.3,244.3399999999997,0.9187332038421627
2026-05,SUMATERA UTARA,2839.7200000000003,2534.28,305.44000000000005,0.8924400997281422
2026-06,ACEH,3018.98,2729.53,289.4499999999998,0.904123246924458
2026-06,BALI,2366.28,2128.21,238.07000000000016,0.8993906046621701
2026-06,BANTEN,4485.53,4036.04,449.4899999999998,0.8997911060677334
2026-06,BENGKULU,2087.9,1848.14,239.76,0.8851669141242396
2026-06,DI YOGYAKARTA,3010.82,2687.98,322.84000000000015,0.892773397280475
2026-06,DKI JAKARTA,2331.45,2108.32,223.12999999999965,0.9042956100280942
2026-06,GORONTALO,2114.05,1913.94,200.11000000000013,0.9053428253825595
2026-06,JAMBI,4858.2,4401.33,456.8699999999999,0.9059589971594418
2026-06,JAWA BARAT,2798.48,2493.73,304.75,0.8911015980103485
2026-06,JAWA TENGAH,5085.18,4534.96,550.2200000000003,0.8917993070058483
2026-06,JAWA TIMUR,2703.0,2447.04,255.96000000000004,0.9053052164261931
2026-06,KALIMANTAN BARAT,2544.86,2280.87,263.99000000000024,0.8962654134215634
2026-06,KALIMANTAN SELATAN,3797.73,3401.89,395.84000000000015,0.8957693148275416
2026-06,KALIMANTAN TENGAH,3508.06,3159.17,348.8899999999999,0.900546170818059
2026-06,KALIMANTAN TIMUR,2787.25,2543.97,243.2800000000002,0.9127168355906359
2026-06,KALIMANTAN UTARA,2993.11,2710.04,283.07000000000016,0.9054261286755247
2026-06,KEPULAUAN BANGKA BELITUNG,3494.11,3120.29,373.82000000000016,0.8930142439705676
2026-06,KEPULAUAN RIAU,3145.19,2816.55,328.6399999999999,0.8955102871368662
2026-06,LAMPUNG,2382.1,2141.96,240.13999999999987,0.8991897905209689
2026-06,MALUKU,2651.27,2354.84,296.42999999999984,0.8881932055203733
2026-06,MALUKU UTARA,2777.3,2507.02,270.2800000000002,0.9026824613833578
2026-06,NUSA TENGGARA BARAT,2713.24,2439.19,274.0499999999997,0.8989952971355281
2026-06,NUSA TENGGARA TIMUR,2102.53,1885.63,216.9000000000001,0.896838570674378
2026-06,PAPUA,3515.99,3181.14,334.8499999999999,0.9047636654256695
2026-06,PAPUA BARAT,2241.55,2030.83,210.72000000000025,0.9059936204858244
2026-06,RIAU,3151.68,2873.45,278.23,0.9117200984871561
2026-06,SULAWESI BARAT,2440.31,2187.53,252.77999999999975,0.8964147997590471
2026-06,SULAWESI SELATAN,2233.6,1985.25,248.3499999999999,0.8888117836676218
2026-06,SULAWESI TENGAH,2245.99,2027.31,218.67999999999984,0.9026353634700066
2026-06,SULAWESI TENGGARA,2492.91,2249.33,243.57999999999993,0.9022908969838462
2026-06,SULAWESI UTARA,2548.87,2291.82,257.0499999999997,0.8991513886545803
2026-06,SUMATERA BARAT,3344.44,3006.04,338.4000000000001,0.8988171412852376
2026-06,SUMATERA SELATAN,2790.99,2520.3,270.6899999999996,0.9030129093977407
2026-06,SUMATERA UTARA,2813.28,2548.98,264.3000000000002,0.9060527213786043
2026-07,ACEH,3118.5299999999997,2764.03,354.49999999999955,0.8863246465482135
2026-07,BALI,2733.09,2428.29,304.8000000000002,0.8884778766890222
2026-07,BANTEN,1427.55,1306.28,121.26999999999998,0.9150502609365696
2026-07,BENGKULU,3662.38,3256.73,405.6500000000001,0.8892386917796624
2026-07,DI YOGYAKARTA,3927.4900000000002,3557.42,370.07000000000016,0.9057744259056038
2026-07,DKI JAKARTA,2708.66,2452.17,256.4899999999998,0.9053074213817903
2026-07,GORONTALO,2854.19,2567.22,286.97000000000025,0.8994565883840949
2026-07,JAMBI,5997.97,5473.12,524.8500000000004,0.912495394275063
2026-07,JAWA BARAT,2833.47,2529.96,303.50999999999976,0.8928839903016443
2026-07,JAWA TENGAH,6747.64,6137.54,610.1000000000004,0.9095832024233658
2026-07,JAWA TIMUR,2851.05,2581.79,269.2600000000002,0.9055576015853808
2026-07,KALIMANTAN BARAT,2314.56,2090.23,224.32999999999993,0.9030787709111019
2026-07,KALIMANTAN SELATAN,2973.95,2701.73,272.2199999999998,0.9084651725819197
2026-07,KALIMANTAN TENGAH,3744.63,3399.62,345.0100000000002,0.9078653965812377
2026-07,KALIMANTAN TIMUR,2076.53,1905.25,171.2800000000002,0.9175162410367295
2026-07,KALIMANTAN UTARA,2788.36,2549.96,238.4000000000001,0.9145017142693196
2026-07,KEPULAUAN BANGKA BELITUNG,2865.36,2590.75,274.6100000000001,0.9041621297149398
2026-07,KEPULAUAN RIAU,3089.05,2791.96,297.09000000000015,0.9038248005050096
2026-07,LAMPUNG,2426.15,2159.5,266.6500000000001,0.8900933577890897
2026-07,MALUKU,3339.2200000000003,3014.92,324.3000000000002,0.9028815112511305
2026-07,MALUKU UTARA,2315.64,2110.71,204.92999999999984,0.9115017878426699
2026-07,NUSA TENGGARA BARAT,2476.25,2228.74,247.51000000000022,0.9000464411913174
2026-07,NUSA TENGGARA TIMUR,1971.19,1768.48,202.71000000000004,0.897163642266854
2026-07,PAPUA,2167.37,1948.3,219.06999999999994,0.8989235801916609
2026-07,PAPUA BARAT,2801.56,2500.37,301.19000000000005,0.8924920401490598
2026-07,RIAU,3325.32,2950.03,375.28999999999996,0.8871416886194412
2026-07,SULAWESI BARAT,2301.17,2110.27,190.9000000000001,0.9170422002720355
2026-07,SULAWESI SELATAN,3606.86,3220.68,386.1800000000003,0.8929318021769627
2026-07,SULAWESI TENGAH,3225.75,2892.04,333.71000000000004,0.8965480895915678
2026-07,SULAWESI TENGGARA,2521.17,2268.72,252.45000000000027,0.8998679184664262
2026-07,SULAWESI UTARA,2964.34,2675.95,288.3900000000003,0.9027135888595774
2026-07,SUMATERA BARAT,2791.4,2514.4,277.0,0.9007666403955005
2026-07,SUMATERA SELATAN,2380.66,2135.0099999999998,245.6500000000001,0.8968143287995766
2026-07,SUMATERA UTARA,3356.62,2986.8,369.8199999999997,0.8898236916898548
2026-08,ACEH,2588.39,2341.77,246.6199999999999,0.9047206951039063
2026-08,BALI,3405.75,3077.08,328.6700000000001,0.9034955589811349
2026-08,BANTEN,3018.91,2692.94,325.9699999999998,0.8920239424163027
2026-08,BENGKULU,2838.96,2564.87,274.09000000000015,0.9034540817764252
2026-08,DI YOGYAKARTA,3431.36,3109.34,322.02,0.9061538282197147
2026-08,DKI JAKARTA,2678.13,2390.68,287.4500000000003,0.8926676449612229
2026-08,GORONTALO,4302.88,3867.87,435.0100000000002,0.8989025954709403
2026-08,JAMBI,5243.45,4743.08,500.3699999999999,0.9045723712441236
2026-08,JAWA BARAT,2221.41,1993.43,227.9799999999998,0.8973714892793316
2026-08,JAWA TENGAH,5452.77,4931.22,521.5500000000002,0.9043513663697533
2026-08,JAWA TIMUR,2685.75,2438.78,246.9699999999998,0.9080443079214373
2026-08,KALIMANTAN BARAT,2588.68,2320.43,268.25,0.8963757590741227
2026-08,KALIMANTAN SELATAN,2831.88,2531.42,300.46000000000004,0.8939008715058547
2026-08,KALIMANTAN TENGAH,2564.13,2352.53,211.5999999999999,0.917476882997352
2026-08,KALIMANTAN TIMUR,3257.73,2954.95,302.7800000000002,0.9070579820918246
2026-08,KALIMANTAN UTARA,3367.34,3017.37,349.97000000000025,0.8960693009912868
2026-08,KEPULAUAN BANGKA BELITUNG,2690.07,2413.95,276.12000000000035,0.8973558308891589
2026-08,KEPULAUAN RIAU,2791.46,2500.59,290.8699999999999,0.8958000472870827
2026-08,LAMPUNG,2207.44,2014.32,193.12000000000012,0.9125140434168085
2026-08,MALUKU,3354.39,3063.68,290.71000000000004,0.9133344661771589
2026-08,MALUKU UTARA,2104.22,1906.05,198.16999999999985,0.9058225850909126
2026-08,NUSA TENGGARA BARAT,3911.2999999999997,3502.04,409.25999999999976,0.8953647124996804
2026-08,NUSA TENGGARA TIMUR,3570.7599999999998,3179.63,391.12999999999965,0.8904630946913263
2026-08,PAPUA,3319.06,2991.65,327.40999999999985,0.9013546003989081
2026-08,PAPUA BARAT,3349.35,3012.74,336.6100000000001,0.8994999029662472
2026-08,RIAU,3679.8,3325.08,354.72000000000025,0.9036034567096037
2026-08,SULAWESI BARAT,2861.26,2557.26,304.0,0.8937531017803345
2026-08,SULAWESI SELATAN,3731.7400000000002,3370.56,361.1800000000003,0.9032140502821739
2026-08,SULAWESI TENGAH,2648.1,2359.5099999999998,288.59000000000015,0.8910199765869868
2026-08,SULAWESI TENGGARA,2422.43,2161.26,261.1699999999996,0.8921867711347697
2026-08,SULAWESI UTARA,4361.18,3938.2,422.9800000000005,0.9030124874460581
2026-08,SUMATERA BARAT,2562.01,2276.86,285.1500000000001,0.8887006686156572
2026-08,SUMATERA SELATAN,3219.28,2887.69,331.59000000000015,0.8969987077855918
2026-08,SUMATERA UTARA,2390.69,2156.63,234.05999999999995,0.9020952110060275
2026-09,ACEH,3134.14,2866.0299999999997,268.1100000000001,0.9144550020101208
2026-09,BALI,3320.04,3020.02,300.02,0.9096336188720617
2026-09,BANTEN,3006.75,2714.68,292.07000000000016,0.902861894071672
2026-09,BENGKULU,2348.16,2103.43,244.73000000000002,0.8957779708367403
2026-09,DI YOGYAKARTA,2710.73,2422.44,288.28999999999996,0.8936485743692658
2026-09,DKI JAKARTA,3306.26,2995.41,310.85000000000036,0.9059813807746516
2026-09,GORONTALO,2500.82,2211.18,289.6400000000003,0.8841819883078349
2026-09,JAMBI,6644.73,5949.71,695.0199999999995,0.8954028229890455
2026-09,JAWA BARAT,2775.55,2471.67,303.8800000000001,0.890515393345463
2026-09,JAWA TENGAH,5576.0,5044.86,531.1400000000003,0.9047453371592539
2026-09,JAWA TIMUR,2815.68,2521.38,294.2999999999997,0.8954781793385613
2026-09,KALIMANTAN BARAT,3014.32,2698.46,315.8600000000001,0.8952135141590806
2026-09,KALIMANTAN SELATAN,2685.75,2423.56,262.19000000000005,0.9023773620031649
2026-09,KALIMANTAN TENGAH,3090.0,2790.25,299.75,0.9029935275080906
2026-09,KALIMANTAN TIMUR,2788.94,2487.27,301.6700000000001,0.8918334564386469
2026-09,KALIMANTAN UTARA,3303.67,2956.57,347.0999999999999,0.8949350268035245
2026-09,KEPULAUAN BANGKA BELITUNG,2265.98,2053.32,212.65999999999985,0.9061509810324894
2026-09,KEPULAUAN RIAU,2808.81,2537.5,271.30999999999995,0.9034074928528452
2026-09,LAMPUNG,2395.96,2168.04,227.92000000000007,0.9048732032254294
2026-09,MALUKU,3405.13,3044.08,361.0500000000002,0.8939688058899367
2026-09,MALUKU UTARA,2577.03,2317.11,259.9200000000001,0.8991397073375165
2026-09,NUSA TENGGARA BARAT,2577.86,2311.82,266.03999999999996,0.8967981193703305
2026-09,NUSA TENGGARA TIMUR,2524.26,2265.25,259.0100000000002,0.8973917108380277
2026-09,PAPUA,3617.35,3270.81,346.53999999999996,0.9042005888288388
2026-09,PAPUA BARAT,2401.7,2151.75,249.94999999999982,0.895927884415206
2026-09,RIAU,2499.34,2267.35,231.99000000000024,0.907179495386782
2026-09,SULAWESI BARAT,4371.2,3945.32,425.87999999999965,0.9025713762811128
2026-09,SULAWESI SELATAN,3344.69,2983.45,361.24000000000024,0.8919959697311259
2026-09,SULAWESI TENGAH,2379.19,2125.63,253.55999999999995,0.8934259138614402
2026-09,SULAWESI TENGGARA,1926.58,1739.6200000000001,186.9599999999998,0.9029575724859596
2026-09,SULAWESI UTARA,1644.31,1481.55,162.76,0.9010162317324593
2026-09,SUMATERA BARAT,2624.65,2401.36,223.28999999999996,0.914925799630427
2026-09,SUMATERA SELATAN,2744.56,2462.08,282.48,0.8970763984026583
2026-09,SUMATERA UTARA,2467.45,2228.85,238.5999999999999,0.903300978743237
2026-10,ACEH,2059.88,1850.17,209.71000000000004,0.8981930986271045
2026-10,BALI,2735.17,2450.83,284.34000000000015,0.8960430247480047
2026-10,BANTEN,2171.89,1958.09,213.79999999999995,0.9015603921008891
2026-10,BENGKULU,2344.7,2124.62,220.07999999999993,0.9061372457030751
2026-10,DI YOGYAKARTA,2200.39,1972.72,227.66999999999985,0.896531978422007
2026-10,DKI JAKARTA,2897.92,2577.35,320.57000000000016,0.8893792789310954
2026-10,GORONTALO,2436.4,2185.27,251.1300000000001,0.8969257921523559
2026-10,JAMBI,6607.02,5931.11,675.9100000000008,0.8976982058477194
2026-10,JAWA BARAT,3140.96,2848.98,291.98,0.9070411593907595
2026-10,JAWA TENGAH,5458.99,4903.07,555.9200000000001,0.8981643124460752
2026-10,JAWA TIMUR,3141.79,2810.92,330.8699999999999,0.8946874234114948
2026-10,KALIMANTAN BARAT,3043.09,2698.56,344.5300000000002,0.8867828424397569
2026-10,KALIMANTAN SELATAN,3095.35,2807.34,288.00999999999976,0.9069539793561311
2026-10,KALIMANTAN TENGAH,3416.57,3092.25,324.32000000000016,0.9050743874704748
2026-10,KALIMANTAN TIMUR,3331.22,3025.36,305.8599999999997,0.9081837885219229
2026-10,KALIMANTAN UTARA,3473.75,3106.33,367.4200000000001,0.8942295789852465
2026-10,KEPULAUAN BANGKA BELITUNG,2624.12,2349.41,274.71000000000004,0.8953134765178421
2026-10,KEPULAUAN RIAU,3001.77,2703.3,298.4699999999998,0.9005686644879521
2026-10,LAMPUNG,3363.77,3038.25,325.52,0.9032276285239479
2026-10,MALUKU,2348.59,2100.92,247.67000000000007,0.8945452377809664
2026-10,MALUKU UTARA,2639.68,2365.6,274.0799999999999,0.8961692326342587
2026-10,NUSA TENGGARA BARAT,4260.26,3850.28,409.98,0.9037664367902428
2026-10,NUSA TENGGARA TIMUR,2450.0299999999997,2213.55,236.47999999999956,0.9034787329134747
2026-10,PAPUA,2494.03,2245.07,248.96000000000004,0.9001776241665096
2026-10,PAPUA BARAT,2751.3,2469.36,281.94000000000005,0.8975248064551303
2026-10,RIAU,3278.13,2942.54,335.59000000000015,0.8976276108635105
2026-10,SULAWESI BARAT,3061.2200000000003,2726.85,334.37000000000035,0.8907723064660494
2026-10,SULAWESI SELATAN,2234.97,1993.29,241.67999999999984,0.8918643203264474
2026-10,SULAWESI TENGAH,2422.58,2193.79,228.78999999999996,0.9055593623327197
2026-10,SULAWESI TENGGARA,2878.42,2599.4,279.02,0.9030648758694005
2026-10,SULAWESI UTARA,2980.78,2676.57,304.21000000000004,0.8979428203356169
2026-10,SUMATERA BARAT,3644.21,3312.45,331.7600000000002,0.908962436303067
2026-10,SUMATERA SELATAN,2618.24,2390.79,227.44999999999982,0.9131286665851871
2026-10,SUMATERA UTARA,2928.82,2635.44,293.3800000000001,0.8998299656516958
2026-11,ACEH,3401.09,3062.08,339.0100000000002,0.9003231317018955
2026-11,BALI,2105.68,1912.62,193.05999999999995,0.9083146536985677
2026-11,BANTEN,1996.82,1783.67,213.14999999999986,0.893255275888663
2026-11,BENGKULU,3227.34,2910.85,316.49000000000024,0.9019347202340007
2026-11,DI YOGYAKARTA,2507.76,2263.58,244.1800000000003,0.9026302357482373
2026-11,DKI JAKARTA,3374.68,3031.68,343.0,0.8983607334621356
2026-11,GORONTALO,2162.7799999999997,1939.15,223.62999999999965,0.8966006713581596
2026-11,JAMBI,5834.05,5224.94,609.1100000000006,0.8955939698836999
2026-11,JAWA BARAT,2622.5,2370.6,251.9000000000001,0.9039466158245948
2026-11,JAWA TENGAH,4292.27,3833.2400000000002,459.0300000000002,0.8930565877729033
2026-11,JAWA TIMUR,3509.71,3161.62,348.09000000000015,0.9008208655415975
2026-11,KALIMANTAN BARAT,3103.4,2812.36,291.03999999999996,0.9062189856286653
2026-11,KALIMANTAN SELATAN,3745.14,3349.18,395.96000000000004,0.8942736453109897
2026-11,KALIMANTAN TENGAH,1799.3400000000001,1626.57,172.7700000000002,0.9039814598686183
2026-11,KALIMANTAN TIMUR,2536.82,2281.63,255.19000000000005,0.8994055549861638
2026-11,KALIMANTAN UTARA,3759.08,3339.05,420.02999999999975,0.8882625536035413
2026-11,KEPULAUAN BANGKA BELITUNG,2940.82,2642.12,298.7000000000003,0.898429689678389
2026-11,KEPULAUAN RIAU,3952.25,3525.36,426.8899999999999,0.8919881080397243
2026-11,LAMPUNG,2017.31,1799.18,218.12999999999988,0.8918708577263783
2026-11,MALUKU,2547.44,2297.6,249.84000000000015,0.9019250698740696
2026-11,MALUKU UTARA,2982.6,2681.95,300.6500000000001,0.8991986857104539
2026-11,NUSA TENGGARA BARAT,3793.46,3451.15,342.30999999999995,0.9097631186304851
2026-11,NUSA TENGGARA TIMUR,3949.63,3582.74,366.8900000000003,0.9071077543972472
2026-11,PAPUA,3216.3,2880.36,335.94000000000005,0.895550788172745
2026-11,PAPUA BARAT,2391.27,2153.99,237.2800000000002,0.9007723929125526
2026-11,RIAU,2797.66,2552.29,245.3699999999999,0.9122945604540939
2026-11,SULAWESI BARAT,3048.44,2744.37,304.07000000000016,0.9002539003555916
2026-11,SULAWESI SELATAN,2973.34,2697.3,276.03999999999996,0.9071616431353293
2026-11,SULAWESI TENGAH,2372.88,2151.38,221.5,0.9066535180877247
2026-11,SULAWESI TENGGARA,3415.9,3085.63,330.27,0.9033139143417548
2026-11,SULAWESI UTARA,2756.31,2455.38,300.92999999999984,0.8908214242955256
2026-11,SUMATERA BARAT,2196.73,1971.81,224.92000000000007,0.8976114497457585
2026-11,SUMATERA SELATAN,2950.85,2644.86,305.9899999999998,0.8963044546486606
2026-11,SUMATERA UTARA,3296.65,2958.26,338.3899999999999,0.8973533738795444
2026-12,ACEH,2207.82,1993.15,214.67000000000007,0.9027683416220526
2026-12,BALI,3302.39,2968.5,333.8899999999999,0.8988944370592208
2026-12,BANTEN,4000.4,3599.46,400.94000000000005,0.8997750224977502
2026-12,BENGKULU,2638.05,2385.06,252.99000000000024,0.9040996190367885
2026-12,DI YOGYAKARTA,2475.66,2215.89,259.77,0.8950704054676328
2026-12,DKI JAKARTA,3051.59,2693.69,357.9000000000001,0.8827168787419017
2026-12,GORONTALO,2902.11,2633.62,268.49000000000024,0.9074845543414963
2026-12,JAMBI,5623.7699999999995,5064.11,559.6599999999999,0.9004831278661823
2026-12,JAWA BARAT,3189.17,2872.12,317.0500000000002,0.9005854187766722
2026-12,JAWA TENGAH,7207.77,6459.77,748.0,0.8962231036783915
2026-12,JAWA TIMUR,3046.66,2737.31,309.3499999999999,0.8984625786927324
2026-12,KALIMANTAN BARAT,2817.67,2556.33,261.34000000000015,0.9072496069447451
2026-12,KALIMANTAN SELATAN,3193.05,2885.51,307.53999999999996,0.9036845649144235
2026-12,KALIMANTAN TENGAH,2698.41,2457.09,241.3199999999997,0.9105695576283812
2026-12,KALIMANTAN TIMUR,2133.9,1931.0,202.9000000000001,0.9049158817189183
2026-12,KALIMANTAN UTARA,2274.7,2058.53,216.16999999999962,0.9049676880467755
2026-12,KEPULAUAN BANGKA BELITUNG,2806.73,2560.83,245.9000000000001,0.9123891503635904
2026-12,KEPULAUAN RIAU,2787.26,2493.5499999999997,293.7100000000005,0.894624111134232
2026-12,LAMPUNG,3133.68,2826.28,307.39999999999964,0.9019044701437289
2026-12,MALUKU,3349.42,2995.1,354.32000000000016,0.8942145207229908
2026-12,MALUKU UTARA,2843.11,2549.83,293.2800000000002,0.896845355965826
2026-12,NUSA TENGGARA BARAT,2002.46,1792.18,210.27999999999997,0.8949891633291052
2026-12,NUSA TENGGARA TIMUR,3043.37,2710.05,333.3199999999997,0.8904766755274581
2026-12,PAPUA,2446.55,2196.39,250.1600000000003,0.8977498927060553
2026-12,PAPUA BARAT,2525.37,2274.66,250.71000000000004,0.9007234583447178
2026-12,RIAU,3480.08,3140.8,339.27999999999975,0.9025079883221077
2026-12,SULAWESI BARAT,2561.06,2323.25,237.80999999999995,0.9071439169718789
2026-12,SULAWESI SELATAN,3683.04,3288.17,394.8699999999999,0.8927869368782311
2026-12,SULAWESI TENGAH,3222.8,2929.54,293.2600000000002,0.9090045922800049
2026-12,SULAWESI TENGGARA,3289.2,2949.66,339.53999999999996,0.8967712513681139
2026-12,SULAWESI UTARA,2293.0699999999997,2048.2400000000002,244.82999999999947,0.8932304726850905
2026-12,SUMATERA BARAT,2753.54,2472.14,281.4000000000001,0.8978042810345954
2026-12,SUMATERA SELATAN,3216.21,2916.51,299.6999999999998,0.9068157862826122
2026-12,SUMATERA UTARA,3691.75,3333.16,358.59000000000015,0.9028672039005892
